{
  "created_at": "2026-07-20T17:14:14+00:00",
  "design": "construction-aware Graph enrichment diagnostic",
  "mneme_version": "4.1.0",
  "code_revision": "9a0b88f20b58eafb85840815e32fbdf365b31a08",
  "python": "3.13.0 (main, Oct  7 2024, 05:02:14) [Clang 16.0.0 (clang-1600.0.26.4)]",
  "platform": "macOS-26.5.2-arm64-arm-64bit-Mach-O",
  "bundle_page_count": 144,
  "bundle_path_not_published": true,
  "qrels_count": 80,
  "qrels_sha256": "1583bb9d3f8132dd58cf67b1d86402ccd6dd0efd21c418c569da023997df6f7d",
  "extraction_sha256": "04f7ddd3fabd68125f59179d71590184ab03da611f8c1677ea6234078930973f",
  "runner_sha256": "7b6624b8f6cf4dbfd273afe851978775e3cae00215461b0bf24a524d18e4455b",
  "top_k": 10,
  "query_repeats": 5,
  "bootstrap_runs": 10000,
  "seed": 20260721,
  "build_ms": {
    "FTS5": 132.27354199625552,
    "G0": 46.700999955646694,
    "enrichment": 31.293957959860563
  },
  "graph_health": {
    "G0": {
      "schema_version": "3",
      "entity_count": 146,
      "relation_count": 428,
      "orphan_entity_count": 0,
      "unresolved_page_count": 1,
      "connected_component_count": 1,
      "llm_entity_count": 0,
      "llm_relation_count": 0
    },
    "G1": {
      "schema_version": "3",
      "entity_count": 467,
      "relation_count": 1483,
      "orphan_entity_count": 0,
      "unresolved_page_count": 1,
      "connected_component_count": 1,
      "llm_entity_count": 321,
      "llm_relation_count": 1055
    }
  },
  "summary": {
    "L1": {
      "ndcg": 0.15096115850042863,
      "ndcg_ci": [
        0.07835115885987,
        0.234986693752043
      ],
      "recall": 0.17592592592592593,
      "recall_ci": [
        0.09259259259259259,
        0.2685185185185185
      ],
      "hit": 0.18055555555555555,
      "hit_ci": [
        0.09722222222222222,
        0.2638888888888889
      ],
      "mrr": 0.1404320987654321,
      "mrr_ci": [
        0.06790123456790123,
        0.2222222222222222
      ],
      "false_positive_rate": 0.0,
      "latency_p50_ms": 0.1566039863973856,
      "latency_p95_ms": 2.6483749970793724
    },
    "G0": {
      "ndcg": 0.23828586193536222,
      "ndcg_ci": [
        0.14994350285788788,
        0.3327084803724903
      ],
      "recall": 0.275,
      "recall_ci": [
        0.17777777777777778,
        0.38055555555555554
      ],
      "hit": 0.2777777777777778,
      "hit_ci": [
        0.18055555555555555,
        0.3888888888888889
      ],
      "mrr": 0.22453703703703703,
      "mrr_ci": [
        0.1388888888888889,
        0.31712962962962965
      ],
      "false_positive_rate": 0.0,
      "latency_p50_ms": 0.7400625618174672,
      "latency_p95_ms": 6.228458019904792
    },
    "G1": {
      "ndcg": 0.7194801748567127,
      "ndcg_ci": [
        0.6305147272798912,
        0.8059196532851608
      ],
      "recall": 0.8333333333333334,
      "recall_ci": [
        0.7361111111111112,
        0.9166666666666666
      ],
      "hit": 0.8333333333333334,
      "hit_ci": [
        0.7361111111111112,
        0.9166666666666666
      ],
      "mrr": 0.6753637566137566,
      "mrr_ci": [
        0.5792824074074074,
        0.7694444444444445
      ],
      "false_positive_rate": 0.0,
      "latency_p50_ms": 2.345895511098206,
      "latency_p95_ms": 10.11200004722923
    },
    "H0": {
      "ndcg": 0.37961609816332875,
      "ndcg_ci": [
        0.2782779080515596,
        0.4828896715290476
      ],
      "recall": 0.43703703703703706,
      "recall_ci": [
        0.3212962962962963,
        0.5509259259259259
      ],
      "hit": 0.4444444444444444,
      "hit_ci": [
        0.3333333333333333,
        0.5555555555555556
      ],
      "mrr": 0.35802469135802467,
      "mrr_ci": [
        0.25462962962962965,
        0.4645061728395062
      ],
      "false_positive_rate": 0.0,
      "latency_p50_ms": 12.335791485384107,
      "latency_p95_ms": 15.63170796725899
    },
    "H1": {
      "ndcg": 0.7103956575167708,
      "ndcg_ci": [
        0.623333001397036,
        0.7946433475889877
      ],
      "recall": 0.8472222222222222,
      "recall_ci": [
        0.7638888888888888,
        0.9305555555555556
      ],
      "hit": 0.8472222222222222,
      "hit_ci": [
        0.7638888888888888,
        0.9305555555555556
      ],
      "mrr": 0.6551091269841269,
      "mrr_ci": [
        0.5592757936507936,
        0.7479166666666667
      ],
      "false_positive_rate": 0.0,
      "latency_p50_ms": 12.923291942570359,
      "latency_p95_ms": 19.810708006843925
    }
  },
  "by_family": {
    "entity_exact": {
      "L1": {
        "ndcg": 0.45288347550128594,
        "ndcg_ci": [
          0.2714490357056038,
          0.6374400705448142
        ],
        "recall": 0.5277777777777778,
        "recall_ci": [
          0.3333333333333333,
          0.7222222222222222
        ],
        "hit": 0.5416666666666666,
        "hit_ci": [
          0.3333333333333333,
          0.75
        ],
        "mrr": 0.4212962962962963,
        "mrr_ci": [
          0.24074074074074073,
          0.6111111111111112
        ],
        "false_positive_rate": 0.0,
        "latency_p50_ms": 0.41391700506210327,
        "latency_p95_ms": 3.7586669204756618
      },
      "G0": {
        "ndcg": 0.07055943348405296,
        "ndcg_ci": [
          0.0,
          0.18278553363477257
        ],
        "recall": 0.08333333333333333,
        "recall_ci": [
          0.0,
          0.20833333333333334
        ],
        "hit": 0.08333333333333333,
        "hit_ci": [
          0.0,
          0.20833333333333334
        ],
        "mrr": 0.0625,
        "mrr_ci": [
          0.0,
          0.16666666666666666
        ],
        "false_positive_rate": 0.0,
        "latency_p50_ms": 0.21374947391450405,
        "latency_p95_ms": 3.985332907177508
      },
      "G1": {
        "ndcg": 0.9276695051071913,
        "ndcg_ci": [
          0.8264462433969963,
          1.0
        ],
        "recall": 0.9583333333333334,
        "recall_ci": [
          0.875,
          1.0
        ],
        "hit": 0.9583333333333334,
        "hit_ci": [
          0.875,
          1.0
        ],
        "mrr": 0.9097222222222222,
        "mrr_ci": [
          0.7916666666666666,
          1.0
        ],
        "false_positive_rate": 0.0,
        "latency_p50_ms": 0.6400004494935274,
        "latency_p95_ms": 6.576334009878337
      },
      "H0": {
        "ndcg": 0.49455014216795257,
        "ndcg_ci": [
          0.31373250369458416,
          0.6764711834411444
        ],
        "recall": 0.5694444444444444,
        "recall_ci": [
          0.375,
          0.7638888888888888
        ],
        "hit": 0.5833333333333334,
        "hit_ci": [
          0.375,
          0.7916666666666666
        ],
        "mrr": 0.46296296296296297,
        "mrr_ci": [
          0.2824074074074074,
          0.6527777777777778
        ],
        "false_positive_rate": 0.0,
        "latency_p50_ms": 9.225479501765221,
        "latency_p95_ms": 17.35941704828292
      },
      "H1": {
        "ndcg": 0.9021135493507947,
        "ndcg_ci": [
          0.8230603269084444,
          0.9663048385962124
        ],
        "recall": 1.0,
        "recall_ci": [
          1.0,
          1.0
        ],
        "hit": 1.0,
        "hit_ci": [
          1.0,
          1.0
        ],
        "mrr": 0.8506944444444444,
        "mrr_ci": [
          0.7326388888888888,
          0.9479166666666666
        ],
        "false_positive_rate": 0.0,
        "latency_p50_ms": 9.6953539759852,
        "latency_p95_ms": 19.95920797344297
      }
    },
    "entity_context": {
      "L1": {
        "ndcg": 0.0,
        "ndcg_ci": [
          0.0,
          0.0
        ],
        "recall": 0.0,
        "recall_ci": [
          0.0,
          0.0
        ],
        "hit": 0.0,
        "hit_ci": [
          0.0,
          0.0
        ],
        "mrr": 0.0,
        "mrr_ci": [
          0.0,
          0.0
        ],
        "false_positive_rate": 0.0,