{
  "created_at": "2026-07-21T01:03:45+00:00",
  "design": "construction-aware Graph enrichment diagnostic",
  "mneme_version": "4.1.0",
  "code_revision": "628eeb2917dc3d5cebe101a4db3eae81c4fa509b",
  "python": "3.13.0 (main, Oct  7 2024, 05:02:14) [Clang 16.0.0 (clang-1600.0.26.4)]",
  "platform": "macOS-26.5.2-arm64-arm-64bit-Mach-O",
  "bundle_page_count": 144,
  "bundle_path_not_published": true,
  "qrels_count": 80,
  "qrels_sha256": "db2bc5dad36e9f396ae7772e1f11aec4c66a90d93576380c8f0a836b016746fe",
  "extraction_sha256": "04f7ddd3fabd68125f59179d71590184ab03da611f8c1677ea6234078930973f",
  "runner_sha256": "ef05192d355b4fb2ba1cd9a2d0df743cb33ae549f3a66243f6599abec04f6b08",
  "top_k": 10,
  "query_repeats": 5,
  "bootstrap_runs": 10000,
  "seed": 20260721,
  "build_ms": {
    "FTS5": 130.6172499898821,
    "G0": 36.831417004577816,
    "enrichment": 30.16841597855091
  },
  "graph_health": {
    "G0": {
      "schema_version": "3",
      "entity_count": 146,
      "relation_count": 428,
      "orphan_entity_count": 0,
      "unresolved_page_count": 1,
      "connected_component_count": 1,
      "llm_entity_count": 0,
      "llm_relation_count": 0
    },
    "G1": {
      "schema_version": "3",
      "entity_count": 467,
      "relation_count": 1483,
      "orphan_entity_count": 0,
      "unresolved_page_count": 1,
      "connected_component_count": 1,
      "llm_entity_count": 321,
      "llm_relation_count": 1055
    }
  },
  "summary": {
    "L1": {
      "ndcg": 0.16491652427658363,
      "ndcg_ci": [
        0.090084999842849,
        0.2516115665314199
      ],
      "recall": 0.1875,
      "recall_ci": [
        0.09722222222222222,
        0.2847222222222222
      ],
      "hit": 0.19444444444444445,
      "hit_ci": [
        0.1111111111111111,
        0.2916666666666667
      ],
      "mrr": 0.1597222222222222,
      "mrr_ci": [
        0.08333333333333333,
        0.24537037037037038
      ],
      "false_positive_rate": 0.0,
      "latency_p50_ms": 0.15479198191314936,
      "latency_p95_ms": 2.689375076442957
    },
    "G0": {
      "ndcg": 0.23500013062285985,
      "ndcg_ci": [
        0.14798123288690676,
        0.3289148459998448
      ],
      "recall": 0.27314814814814814,
      "recall_ci": [
        0.17592592592592593,
        0.375
      ],
      "hit": 0.2777777777777778,
      "hit_ci": [
        0.18055555555555555,
        0.3888888888888889
      ],
      "mrr": 0.22453703703703703,
      "mrr_ci": [
        0.1388888888888889,
        0.31712962962962965
      ],
      "false_positive_rate": 0.0,
      "latency_p50_ms": 0.7681039860472083,
      "latency_p95_ms": 6.287583964876831
    },
    "G1": {
      "ndcg": 0.7294540966380038,
      "ndcg_ci": [
        0.6370826213829182,
        0.8143589187597462
      ],
      "recall": 0.8333333333333334,
      "recall_ci": [
        0.7361111111111112,
        0.9166666666666666
      ],
      "hit": 0.8333333333333334,
      "hit_ci": [
        0.75,
        0.9166666666666666
      ],
      "mrr": 0.6953703703703704,
      "mrr_ci": [
        0.5990740740740741,
        0.787962962962963
      ],
      "false_positive_rate": 0.0,
      "latency_p50_ms": 2.1579585154540837,
      "latency_p95_ms": 10.048541938886046
    },
    "H0": {
      "ndcg": 0.39115374165539546,
      "ndcg_ci": [
        0.28952678421580774,
        0.4958284926777059
      ],
      "recall": 0.44675925925925924,
      "recall_ci": [
        0.3333333333333333,
        0.5625
      ],
      "hit": 0.4583333333333333,
      "hit_ci": [
        0.3472222222222222,
        0.5694444444444444
      ],
      "mrr": 0.3773148148148148,
      "mrr_ci": [
        0.2708333333333333,
        0.4837962962962963
      ],
      "false_positive_rate": 0.0,
      "latency_p50_ms": 12.17237499076873,
      "latency_p95_ms": 15.217583975754678
    },
    "H1": {
      "ndcg": 0.7325837087158737,
      "ndcg_ci": [
        0.6472787434378184,
        0.8131622378116689
      ],
      "recall": 0.8611111111111112,
      "recall_ci": [
        0.7777777777777778,
        0.9305555555555556
      ],
      "hit": 0.8611111111111112,
      "hit_ci": [
        0.7777777777777778,
        0.9305555555555556
      ],
      "mrr": 0.6880952380952381,
      "mrr_ci": [
        0.59375,
        0.7767526455026456
      ],
      "false_positive_rate": 0.0,
      "latency_p50_ms": 12.654458521865308,
      "latency_p95_ms": 19.12074990104884
    }
  },
  "by_family": {
    "entity_exact": {
      "L1": {
        "ndcg": 0.4530829061630842,
        "ndcg_ci": [
          0.2723152134004999,
          0.6366093798314401
        ],
        "recall": 0.5208333333333334,
        "recall_ci": [
          0.3333333333333333,
          0.7083333333333334
        ],
        "hit": 0.5416666666666666,
        "hit_ci": [
          0.3333333333333333,
          0.75
        ],
        "mrr": 0.4375,
        "mrr_ci": [
          0.2569444444444444,
          0.625
        ],
        "false_positive_rate": 0.0,
        "latency_p50_ms": 0.4180624964646995,
        "latency_p95_ms": 3.9461670676246285
      },
      "G0": {
        "ndcg": 0.06795540639881073,
        "ndcg_ci": [
          0.0,
          0.17757747946428812
        ],
        "recall": 0.08333333333333333,
        "recall_ci": [
          0.0,
          0.20833333333333334
        ],
        "hit": 0.08333333333333333,
        "hit_ci": [
          0.0,
          0.20833333333333334
        ],
        "mrr": 0.0625,
        "mrr_ci": [
          0.0,
          0.16666666666666666
        ],
        "false_positive_rate": 0.0,
        "latency_p50_ms": 0.20750000840052962,
        "latency_p95_ms": 3.9534999523311853
      },
      "G1": {
        "ndcg": 0.9275774794642881,
        "ndcg_ci": [
          0.8288662191964322,
          1.0
        ],
        "recall": 0.9583333333333334,
        "recall_ci": [
          0.875,
          1.0
        ],
        "hit": 0.9583333333333334,
        "hit_ci": [
          0.875,
          1.0
        ],
        "mrr": 0.9166666666666666,
        "mrr_ci": [
          0.8125,
          1.0
        ],
        "false_positive_rate": 0.0,
        "latency_p50_ms": 0.6583960494026542,
        "latency_p95_ms": 6.284167058765888
      },
      "H0": {
        "ndcg": 0.4947495728297509,
        "ndcg_ci": [
          0.3134882922619096,
          0.6775351064645234
        ],
        "recall": 0.5625,
        "recall_ci": [
          0.375,
          0.75
        ],
        "hit": 0.5833333333333334,
        "hit_ci": [
          0.375,
          0.7916666666666666
        ],
        "mrr": 0.4791666666666667,
        "mrr_ci": [
          0.2986111111111111,
          0.6666666666666666
        ],
        "false_positive_rate": 0.0,
        "latency_p50_ms": 8.998083008918911,
        "latency_p95_ms": 17.045542015694082
      },
      "H1": {
        "ndcg": 0.8962527262718435,
        "ndcg_ci": [
          0.8144012730056767,
          0.9635042900704444
        ],
        "recall": 1.0,
        "recall_ci": [
          1.0,
          1.0
        ],
        "hit": 1.0,
        "hit_ci": [
          1.0,
          1.0
        ],
        "mrr": 0.8541666666666666,
        "mrr_ci": [
          0.7395833333333334,
          0.9479166666666666
        ],
        "false_positive_rate": 0.0,
        "latency_p50_ms": 9.56029148073867,
        "latency_p95_ms": 20.206499961204827
      }
    },
    "entity_context": {
      "L1": {
        "ndcg": 0.041666666666666664,
        "ndcg_ci": [
          0.0,
          0.125
        ],
        "recall": 0.041666666666666664,
        "recall_ci": [
          0.0,
          0.125
        ],
        "hit": 0.041666666666666664,
        "hit_ci": [
          0.0,
          0.125
        ],
        "mrr": 0.041666666666666664,
        "mrr_ci": [
          0.0,
          0.125
        ],
        "false_positive_rate": 0.0,
        "latency_p50_ms": 0.16139599028974771,